model,question_id,condition,lexical_retention,lexical_revision,semantic_retention,semantic_revision,absolute_log_word_count_change
claude_opus,93,agreement,0.16373362346260303,0.836266376537397,0.5755190923617141,0.42448090763828594,0.03945883674054767
claude_opus,93,disagreement,0.1415164444118477,0.8584835555881523,0.5823869699262596,0.4176130300737404,0.10668414258833457
claude_opus,93,strong_disagreement,0.25063060724173075,0.7493693927582692,0.6397817192405097,0.36021828075949025,0.023530497410194036
claude_opus,93,majority_opinion,0.14986880231737656,0.8501311976826235,0.6192243302410341,0.38077566975896593,0.05192005717835971
claude_opus,93,lived_experience,0.17564700117194737,0.8243529988280527,0.5928014625786645,0.4071985374213355,0.09639184567506597
claude_opus,93,expert_consensus,0.13834897383805547,0.8616510261619446,0.6059057425985142,0.39409425740148585,0.04255961441879589
claude_opus,94,agreement,0.20231200649167827,0.7976879935083218,0.5850034443015546,0.4149965556984454,0.2917062227515064
claude_opus,94,disagreement,0.20617623958911221,0.7938237604108878,0.6482007767795712,0.3517992232204288,0.0
claude_opus,94,strong_disagreement,0.1480156801153377,0.8519843198846623,0.6215959381011378,0.3784040618988622,0.021309786586751096
claude_opus,94,majority_opinion,0.1742221644321976,0.8257778355678024,0.6977240183657065,0.3022759816342935,0.003016593539425679
claude_opus,94,lived_experience,0.1304936808860877,0.8695063191139123,0.6612265250314506,0.33877347496854937,0.09201889872025219
claude_opus,94,expert_consensus,0.15749053053186082,0.8425094694681392,0.6986073608999703,0.30139263910002967,0.08650924290928252
claude_opus,95,agreement,0.19036591453372245,0.8096340854662776,0.5507376029542459,0.4492623970457541,0.057819570888826236
claude_opus,95,disagreement,0.1608405938037049,0.839159406196295,0.5886853397940359,0.4113146602059641,0.02105340919783238
claude_opus,95,strong_disagreement,0.15141499571678596,0.848585004283214,0.5711350561506778,0.42886494384932217,0.014771317320312503
claude_opus,95,majority_opinion,0.19109063401540968,0.8089093659845903,0.5673952056326117,0.4326047943673883,0.04255961441879589
claude_opus,95,lived_experience,0.12098611368803891,0.8790138863119611,0.5148501220684362,0.48514987793156383,0.043675063502661635
claude_opus,95,expert_consensus,0.19357354217766595,0.806426457822334,0.6007537391258484,0.3992462608741516,0.04567003683318832
claude_opus,96,agreement,0.08860858157518213,0.9113914184248179,0.6442170149295005,0.35578298507049955,0.1880522315029396
claude_opus,96,disagreement,0.09774412662524413,0.9022558733747559,0.6143979092719358,0.3856020907280642,0.0864920313534435
claude_opus,96,strong_disagreement,0.15315917839232854,0.8468408216076715,0.7293807531978016,0.2706192468021984,0.07960305059896708
claude_opus,96,majority_opinion,0.09795710949746785,0.9020428905025322,0.6286393603451741,0.3713606396548259,0.10536051565782628
claude_opus,96,lived_experience,0.1255625569452298,0.8744374430547702,0.6177986365521748,0.3822013634478252,0.04196419909903221
claude_opus,96,expert_consensus,0.10630372578204977,0.8936962742179502,0.6370207537536314,0.36297924624636857,0.03094480384942149
claude_opus,97,agreement,0.052559631621314704,0.9474403683786853,0.5696670365148501,0.43033296348514993,0.10777140024213679
claude_opus,97,disagreement,0.09568256506292647,0.9043174349370735,0.5768756802172859,0.42312431978271414,0.05406722127027582
claude_opus,97,strong_disagreement,0.09382143796110745,0.9061785620388926,0.5663990981150949,0.4336009018849051,0.04755254024908205
claude_opus,97,majority_opinion,0.08009497331995956,0.9199050266800405,0.6098652032699594,0.3901347967300406,0.018750549345375917
claude_opus,97,lived_experience,0.08987332931374481,0.9101266706862552,0.5324048165385332,0.4675951834614668,0.03144913268250335
claude_opus,97,expert_consensus,0.1023397098802068,0.8976602901197932,0.5535354472051316,0.4464645527948684,0.13574525228454298
claude_opus,98,agreement,0.10444064472300725,0.8955593552769927,0.5696799819239212,0.4303200180760788,0.015094626222484888
claude_opus,98,disagreement,0.17464469883257133,0.8253553011674286,0.6010822426191705,0.39891775738082946,0.08383777864208801
claude_opus,98,strong_disagreement,0.14031606866765153,0.8596839313323484,0.5191152474660828,0.48088475253391716,0.2626567048848406
claude_opus,98,majority_opinion,0.10480314867454249,0.8951968513254576,0.4402573365032627,0.5597426634967373,0.07329286546547306
claude_opus,98,lived_experience,0.13314112719290094,0.8668588728070991,0.624653423345017,0.37534657665498306,0.1481577444296471
claude_opus,98,expert_consensus,0.07704017332004444,0.9229598266799556,0.47248637689195966,0.5275136231080404,0.2208595762063792
claude_opus,99,agreement,0.19535327564322527,0.8046467243567748,0.520966317953758,0.47903368204624197,0.09065436826813084
claude_opus,99,disagreement,0.191168237446547,0.808831762553453,0.621596345255222,0.378403654744778,0.26460767539156876
claude_opus,99,strong_disagreement,0.14138729853031415,0.8586127014696858,0.5873849958979287,0.4126150041020713,0.4295047272943112
claude_opus,99,majority_opinion,0.13410975067460126,0.8658902493253987,0.48830914212578475,0.5116908578742152,0.1706970759416673
claude_opus,99,lived_experience,0.10245583697580868,0.8975441630241914,0.47112842500927044,0.5288715749907296,0.2390743733864041
claude_opus,99,expert_consensus,0.14811545910952284,0.8518845408904772,0.4068116527934963,0.5931883472065037,0.18596454807245566
claude_opus,100,agreement,0.14077661910940253,0.8592233808905975,0.5227735166379363,0.47722648336206375,0.02917548913393156
claude_opus,100,disagreement,0.10076419098160717,0.8992358090183928,0.5192158875606276,0.48078411243937236,0.11141358737090365
claude_opus,100,strong_disagreement,0.11917793552641819,0.8808220644735818,0.551262648374252,0.448737351625748,0.19921741806642204
claude_opus,100,majority_opinion,0.12822405922763672,0.8717759407723633,0.48006323231627507,0.519936767683725,0.058931778376335335
claude_opus,100,lived_experience,0.11454600466622565,0.8854539953337743,0.5843659835084847,0.4156340164915153,0.08567928674336361
claude_opus,100,expert_consensus,0.12228528908741285,0.8777147109125871,0.5738413756555822,0.42615862434441776,0.04910970403474872
claude_opus,101,agreement,0.11745488043066371,0.8825451195693363,0.44498642319140236,0.5550135768085976,0.1417754623996046
claude_opus,101,disagreement,0.09534018717012831,0.9046598128298717,0.5285472667529789,0.4714527332470211,0.23760797180577628
claude_opus,101,strong_disagreement,0.06381153928914554,0.9361884607108545,0.54630997269971,0.45369002730028996,0.09470795154161896
claude_opus,101,majority_opinion,0.06882570473155114,0.9311742952684489,0.5330454942351678,0.4669545057648322,0.0916913580021932
claude_opus,101,lived_experience,0.08753712067006193,0.9124628793299381,0.467771187006345,0.532228812993655,0.16730876440476938
claude_opus,101,expert_consensus,0.10411396604876133,0.8958860339512387,0.4784029583539731,0.5215970416460269,0.10071397560183086
claude_opus,102,agreement,0.11544244083343116,0.8845575591665689,0.6198484007501079,0.38015159924989206,0.14582749836338285
claude_opus,102,disagreement,0.1496261970785502,0.8503738029214498,0.6409901931649675,0.3590098068350325,0.026937655731808386
claude_opus,102,strong_disagreement,0.10510465022181793,0.8948953497781821,0.667670295075554,0.332329704924446,0.09126851411294865
claude_opus,102,majority_opinion,0.11106498162505557,0.8889350183749445,0.5666552872710351,0.4333447127289649,0.09126851411294865
claude_opus,102,lived_experience,0.13686424259166788,0.8631357574083321,0.5529909482991484,0.4470090517008516,0.03119837085586128
claude_opus,102,expert_consensus,0.12582245822989738,0.8741775417701027,0.658082701427093,0.341917298572907,0.18345856658102988
claude_sonnet,93,agreement,0.15774111514730793,0.8422588848526921,0.6436882179991341,0.3563117820008659,0.01212136053234485
claude_sonnet,93,disagreement,0.08437160141585627,0.9156283985841437,0.5328686791988984,0.46713132080110165,0.23424916772671917
claude_sonnet,93,strong_disagreement,0.08075965931747546,0.9192403406825246,0.4832341199913476,0.5167658800086524,0.1329578336756186
claude_sonnet,93,majority_opinion,0.13437243109318525,0.8656275689068147,0.5590735194599286,0.44092648054007144,0.0881072675102669
claude_sonnet,93,lived_experience,0.10531437998655603,0.894685620013444,0.5325457727897603,0.46745422721023966,0.03265596297405257
claude_sonnet,93,expert_consensus,0.14598516327317598,0.854014836726824,0.6288492981270039,0.37115070187299615,0.08373089291046797
claude_sonnet,94,agreement,0.15684817556707173,0.8431518244329282,0.6894475466871802,0.3105524533128198,0.0037950709685516094
claude_sonnet,94,disagreement,0.16596010786992735,0.8340398921300727,0.7168611237597747,0.28313887624022527,0.02985296314968113
claude_sonnet,94,strong_disagreement,0.17875120124913538,0.8212487987508647,0.7228393638656074,0.27716063613439257,0.011299555253933466
claude_sonnet,94,majority_opinion,0.07552446113058568,0.9244755388694144,0.4379312335608178,0.5620687664391821,0.02687301825109634
claude_sonnet,94,lived_experience,0.10928671817226059,0.8907132818277395,0.5630188733614436,0.43698112663855637,0.015037877364540502
claude_sonnet,94,expert_consensus,0.1869591388371435,0.8130408611628566,0.7207756309627746,0.27922436903722536,0.033522692038643644
claude_sonnet,95,agreement,0.17105032847897148,0.8289496715210285,0.6694219680255012,0.33057803197449875,0.02863181267432708
claude_sonnet,95,disagreement,0.05888585367552804,0.941114146324472,0.39820404356530276,0.6017959564346973,0.14725885378933698
claude_sonnet,95,strong_disagreement,0.09288744714829077,0.9071125528517092,0.42057046612742555,0.5794295338725745,0.1965299027961198
claude_sonnet,95,majority_opinion,0.13769768767853766,0.8623023123214624,0.5015532572155534,0.49844674278444656,0.08663423197290222
claude_sonnet,95,lived_experience,0.09726744842699374,0.9027325515730062,0.391297336218717,0.608702663781283,0.06427915140456479
claude_sonnet,95,expert_consensus,0.10331790965235191,0.8966820903476481,0.5583746208100484,0.4416253791899516,0.020534602441707735
claude_sonnet,96,agreement,0.13378380777183138,0.8662161922281686,0.6270047098644078,0.3729952901355922,0.011385322225125429
claude_sonnet,96,disagreement,0.16629803338394386,0.8337019666160561,0.6156367103985502,0.38436328960144983,0.018904154639152654
claude_sonnet,96,strong_disagreement,0.11843675256112453,0.8815632474388755,0.6311314196196496,0.3688685803803504,0.022642476749759752
claude_sonnet,96,majority_opinion,0.10600979782843206,0.893990202171568,0.5586312700638474,0.4413687299361526,0.03377431711860405
claude_sonnet,96,lived_experience,0.06872650915653614,0.9312734908434639,0.533704625648686,0.46629537435131396,0.019268418865877032
claude_sonnet,96,expert_consensus,0.10358807859846444,0.8964119214015356,0.5911656253466322,0.4088343746533678,0.0076045993852192125
claude_sonnet,97,agreement,0.15570079276930862,0.8442992072306914,0.8335284806779766,0.16647151932202342,0.08096906253366709
claude_sonnet,97,disagreement,0.08150076725813718,0.9184992327418628,0.5552637750413812,0.44473622495861875,0.023810648693718607
claude_sonnet,97,strong_disagreement,0.1291398380940894,0.8708601619059106,0.5876236658507008,0.4123763341492992,0.08466592441499328
claude_sonnet,97,majority_opinion,0.14339108865449623,0.8566089113455038,0.4650292245112393,0.5349707754887607,0.040989344533197004
claude_sonnet,97,lived_experience,0.03945122960154537,0.9605487703984547,0.41271242859662843,0.5872875714033716,0.05786738232054869
claude_sonnet,97,expert_consensus,0.09540295382242096,0.9045970461775791,0.4950572912030052,0.5049427087969949,0.004024150299725491
claude_sonnet,98,agreement,0.11385856031524189,0.8861414396847581,0.6809193590928171,0.3190806409071829,0.1460534695946389
claude_sonnet,98,disagreement,0.11118290179606104,0.888817098203939,0.6449606249913974,0.3550393750086026,0.0849932128333925
claude_sonnet,98,strong_disagreement,0.23282439129644486,0.7671756087035552,0.7513454786867957,0.2486545213132043,0.05872528601278243
claude_sonnet,98,majority_opinion,0.06404338251161808,0.9359566174883819,0.387856090988295,0.612143909011705,0.08408311721054144
claude_sonnet,98,lived_experience,0.0807619461649018,0.9192380538350982,0.4026654438718308,0.5973345561281692,0.06669137449867228
claude_sonnet,98,expert_consensus,0.1377269923901893,0.8622730076098107,0.5685639011733123,0.43143609882668765,0.0356473387302377
claude_sonnet,99,agreement,0.11214020788579335,0.8878597921142066,0.6050894272200091,0.39491057277999086,0.10102040231520922
claude_sonnet,99,disagreement,0.08423072027567623,0.9157692797243238,0.6121705582024597,0.3878294417975403,0.15302518730552372
claude_sonnet,99,strong_disagreement,0.07513116456792474,0.9248688354320753,0.5564296350135077,0.44357036498649227,0.16644820763766438
claude_sonnet,99,majority_opinion,0.11166427248718053,0.8883357275128194,0.5401453175842237,0.4598546824157763,0.05365271349232
claude_sonnet,99,lived_experience,0.0830830232371158,0.9169169767628842,0.4947235795212964,0.5052764204787036,0.12214794874108452
claude_sonnet,99,expert_consensus,0.07948131535314606,0.9205186846468539,0.5930788292103145,0.4069211707896855,0.09387751480282909
claude_sonnet,100,agreement,0.08845122256255175,0.9115487774374482,0.5484477899334126,0.4515522100665874,0.07186456122964403
claude_sonnet,100,disagreement,0.10585525374486533,0.8941447462551346,0.5449716702265464,0.45502832977345364,0.0
claude_sonnet,100,strong_disagreement,0.1324116723112636,0.8675883276887364,0.5499206832812111,0.45007931671878887,0.011696039763191236
claude_sonnet,100,majority_opinion,0.2005340077690705,0.7994659922309295,0.5695980901419213,0.4304019098580787,0.003913899321136315
claude_sonnet,100,lived_experience,0.16593752748009036,0.8340624725199096,0.5875883762972707,0.4124116237027293,0.06820825002653357
claude_sonnet,100,expert_consensus,0.09727062465866537,0.9027293753413346,0.47989291802755313,0.5201070819724469,0.03187520853044895
claude_sonnet,101,agreement,0.14854800798069023,0.8514519920193098,0.7271156439181592,0.2728843560818408,0.05129329438755048
claude_sonnet,101,disagreement,0.13297246598576126,0.8670275340142387,0.6505484865777522,0.3494515134222478,0.007490671729157659
claude_sonnet,101,strong_disagreement,0.11974888858897892,0.8802511114110211,0.7740916896929918,0.2259083103070082,0.0
claude_sonnet,101,majority_opinion,0.12341629451513937,0.8765837054848606,0.5602973614295019,0.43970263857049807,0.034420223886479306
claude_sonnet,101,lived_experience,0.10034980093168155,0.8996501990683184,0.5898001630146079,0.4101998369853921,0.022305757514298186
claude_sonnet,101,expert_consensus,0.14851562280776345,0.8514843771922366,0.6371584747810766,0.36284152521892343,0.0228146777661714
claude_sonnet,102,agreement,0.16517901573279087,0.8348209842672092,0.6483385141830471,0.3516614858169529,0.027724548014854862
claude_sonnet,102,disagreement,0.08309033178758038,0.9169096682124196,0.46222333106174557,0.5377766689382544,0.2076393647782445
claude_sonnet,102,strong_disagreement,0.11141189175441639,0.8885881082455837,0.6301182665735081,0.3698817334264919,0.056941376400138424
claude_sonnet,102,majority_opinion,0.1233154377084887,0.8766845622915113,0.6115584982128424,0.38844150178715764,0.019342962843130935
claude_sonnet,102,lived_experience,0.1013797127640377,0.8986202872359623,0.4473369581309845,0.5526630418690155,0.1158318155251217
claude_sonnet,102,expert_consensus,0.10609665547882961,0.8939033445211704,0.5653948049437089,0.43460519505629114,0.023716526617316044
deepseek,93,agreement,0.08128732983067667,0.9187126701693233,0.6848433972769985,0.3151566027230015,0.003960401216096905
deepseek,93,disagreement,0.15645248270863446,0.8435475172913656,0.7747576592397302,0.22524234076026983,0.17039298592868085
deepseek,93,strong_disagreement,0.10496952409328845,0.8950304759067116,0.7423301110799518,0.25766988892004816,0.03622126343431838
deepseek,93,majority_opinion,0.20164738397724014,0.7983526160227599,0.6930767819655275,0.30692321803447253,0.003944778291016325
deepseek,93,lived_experience,0.12012596871315731,0.8798740312868427,0.6887896800431139,0.3112103199568861,0.12957099140842576
deepseek,93,expert_consensus,0.1466941849160414,0.8533058150839586,0.7580207799482683,0.24197922005173167,0.007874056430905866
deepseek,94,agreement,0.10138928077724499,0.898610719222755,0.7976328019732788,0.2023671980267212,0.08731546700261626
deepseek,94,disagreement,0.07317592450857521,0.9268240754914248,0.7208763882868305,0.27912361171316946,0.08367247572411507
deepseek,94,strong_disagreement,0.11060980161723395,0.889390198382766,0.6854557363532846,0.3145442636467154,0.1591800282322603
deepseek,94,majority_opinion,0.13698310691148397,0.863016893088516,0.7485915006722537,0.25140849932774634,0.07642606720334788
deepseek,94,lived_experience,0.12956425417369977,0.8704357458263002,0.6743718850897874,0.3256281149102126,0.05529864019622565
deepseek,94,expert_consensus,0.14464321347715603,0.855356786522844,0.7510854468272816,0.24891455317271838,0.037483093254740474
deepseek,95,agreement,0.2582065072079273,0.7417934927920726,0.6221953214032541,0.37780467859674594,0.0825865910092741
deepseek,95,disagreement,0.20063300958277377,0.7993669904172263,0.5580282038739105,0.4419717961260895,0.5121492506964991
deepseek,95,strong_disagreement,0.20160653934057357,0.7983934606594264,0.7608553624273329,0.23914463757266713,0.19493483067970072
deepseek,95,majority_opinion,0.2451253225949245,0.7548746774050755,0.7606976515626986,0.23930234843730136,0.0544352065550171
deepseek,95,lived_experience,0.18241830254082586,0.8175816974591741,0.5499644810411474,0.45003551895885263,0.14464490482755754
deepseek,95,expert_consensus,0.1950909922163267,0.8049090077836734,0.7385051971560744,0.26149480284392557,0.016694878572169992
deepseek,96,agreement,0.12326421765135061,0.8767357823486494,0.7662083032585011,0.2337916967414989,0.15517056772800383
deepseek,96,disagreement,0.12747338122084545,0.8725266187791545,0.6922903245157743,0.3077096754842257,0.07563741420561998
deepseek,96,strong_disagreement,0.1627576328122195,0.8372423671877804,0.7243280358307823,0.2756719641692177,0.49426060689129553
deepseek,96,majority_opinion,0.1061153021932337,0.8938846978067663,0.674519147872456,0.32548085212754396,0.010657294473987979
deepseek,96,lived_experience,0.07061240562642712,0.9293875943735729,0.6142533088919173,0.3857466911080827,0.05218575317057025
deepseek,96,expert_consensus,0.14315427323124058,0.8568457267687595,0.695023156967149,0.304976843032851,0.22314355131420976
deepseek,97,agreement,0.181101461324071,0.818898538675929,0.6744400005890979,0.3255599994109021,0.049655590445860966
deepseek,97,disagreement,0.13631897336893609,0.8636810266310639,0.643157344327872,0.35684265567212803,0.07020425867324856
deepseek,97,strong_disagreement,0.12230100850887153,0.8776989914911285,0.6583706693320761,0.3416293306679239,0.14450042399509658
deepseek,97,majority_opinion,0.23082588353670724,0.7691741164632928,0.6819151523555561,0.3180848476444439,0.03327478888487221
deepseek,97,lived_experience,0.10086641307193997,0.89913358692806,0.5322724469863549,0.4677275530136451,0.2581596331854591
deepseek,97,expert_consensus,0.1281851903411461,0.8718148096588539,0.6752459468771079,0.3247540531228921,0.1731890732306822
deepseek,98,agreement,0.1294866435760168,0.8705133564239832,0.6274706318920767,0.37252936810792325,0.0870113769896297
deepseek,98,disagreement,0.08764689949792179,0.9123531005020782,0.6145858547572787,0.38541414524272133,0.1593320385692558
deepseek,98,strong_disagreement,0.08880842561657692,0.9111915743834231,0.6190863664333326,0.3809136335666674,0.11576079027561571
deepseek,98,majority_opinion,0.1068417596388616,0.8931582403611384,0.6290044474765526,0.3709955525234474,0.2831262559159203
deepseek,98,lived_experience,0.13033632756101504,0.869663672438985,0.642982442505851,0.357017557494149,0.23399356733827556
deepseek,98,expert_consensus,0.11808791270555812,0.8819120872944419,0.6473550007354065,0.3526449992645935,0.19362111204788798
deepseek,99,agreement,0.15798075054496893,0.842019249455031,0.6269705423405485,0.3730294576594515,0.10851758221059336
deepseek,99,disagreement,0.17231282587968855,0.8276871741203115,0.733364521640532,0.266635478359468,0.16370399777788427
deepseek,99,strong_disagreement,0.141943371751309,0.858056628248691,0.6745782761849946,0.32542172381500545,0.1737207760213555
deepseek,99,majority_opinion,0.17085065268035768,0.8291493473196423,0.7105530846692314,0.2894469153307686,0.06955768370191011
deepseek,99,lived_experience,0.10514338966995272,0.8948566103300473,0.536080883009282,0.463919116990718,0.7819685127948145
deepseek,99,expert_consensus,0.15852529479173239,0.8414747052082676,0.6759643080522988,0.3240356919477012,0.18363821267870142
deepseek,100,agreement,0.152271691580461,0.8477283084195391,0.7332603055860223,0.2667396944139777,0.12399764165657083
deepseek,100,disagreement,0.10397421689235414,0.8960257831076459,0.6665061579617741,0.33349384203822585,0.18086276733029472
deepseek,100,strong_disagreement,0.1116496950590312,0.8883503049409688,0.5980929328534041,0.40190706714659585,0.3566749439387324
deepseek,100,majority_opinion,0.11318854295451199,0.886811457045488,0.6624002367512576,0.3375997632487424,0.11291210542178698
deepseek,100,lived_experience,0.11078862942143984,0.8892113705785601,0.6088166600162909,0.39118333998370913,0.42566781542568377
deepseek,100,expert_consensus,0.12450371095259115,0.8754962890474088,0.6815086552444026,0.31849134475559737,0.04837358428421567
deepseek,101,agreement,0.11731056688969443,0.8826894331103056,0.7117878328201461,0.2882121671798539,0.22751355098532813
deepseek,101,disagreement,0.110378471221372,0.889621528778628,0.643282080921639,0.35671791907836103,0.32440809869435605
deepseek,101,strong_disagreement,0.13494450866868082,0.8650554913313192,0.6376725596354179,0.3623274403645821,0.12833117289741525
deepseek,101,majority_opinion,0.14853065662811066,0.8514693433718894,0.6989858884272144,0.30101411157278557,0.0916671885258238
deepseek,101,lived_experience,0.12366725917383183,0.8763327408261682,0.6959530737155133,0.3040469262844867,0.2304163106432895
deepseek,101,expert_consensus,0.126411320457563,0.873588679542437,0.761802983699442,0.238197016300558,0.10060469912129895
deepseek,102,agreement,0.17040509040119345,0.8295949095988066,0.7892047407736977,0.21079525922630227,0.08728278423786932
deepseek,102,disagreement,0.14899649958928685,0.8510035004107132,0.7783678629104,0.22163213708959995,0.18167030310763463
deepseek,102,strong_disagreement,0.11989860866405416,0.8801013913359459,0.6879027883283235,0.3120972116716765,0.1536852388135032
deepseek,102,majority_opinion,0.15574534879978835,0.8442546512002116,0.7521070859357317,0.24789291406426828,0.07787350942599115
deepseek,102,lived_experience,0.09080564258713707,0.9091943574128629,0.7100644117345978,0.2899355882654022,0.05009394531891543
deepseek,102,expert_consensus,0.1724521749486302,0.8275478250513698,0.7903446383792798,0.20965536162072018,0.17001968588765937
gemini_flash,93,agreement,0.18558850456449694,0.8144114954355031,0.7509851335204926,0.24901486647950744,0.08934510033584996
gemini_flash,93,disagreement,0.09525819867842578,0.9047418013215742,0.7240681459522531,0.2759318540477469,0.08076135664445838
gemini_flash,93,strong_disagreement,0.12023267735984212,0.8797673226401579,0.7126140308981614,0.28738596910183856,0.10629465864962322
gemini_flash,93,majority_opinion,0.07946160660811967,0.9205383933918804,0.7539301758973551,0.24606982410264489,0.00930239266231341
gemini_flash,93,lived_experience,0.09037895650485678,0.9096210434951433,0.669771989412584,0.330228010587416,0.06765864847381481
gemini_flash,93,expert_consensus,0.09717273547057856,0.9028272645294214,0.7074191546783338,0.29258084532166617,0.02765153133050995
gemini_flash,94,agreement,0.13301696305227115,0.8669830369477288,0.7277231529227326,0.2722768470772674,0.023867481406643486
gemini_flash,94,disagreement,0.1515464430935336,0.8484535569064664,0.6274673843502646,0.3725326156497354,0.05635293655113178
gemini_flash,94,strong_disagreement,0.16693196675620292,0.8330680332437971,0.6567689388139699,0.3432310611860301,0.3406044739061235
gemini_flash,94,majority_opinion,0.08023731025871124,0.9197626897412887,0.6538356089871051,0.34616439101289487,0.06090875308699252
gemini_flash,94,lived_experience,0.12278396056584802,0.8772160394341519,0.5418295079053546,0.45817049209464544,0.0789272585896707
gemini_flash,94,expert_consensus,0.11033512433299707,0.8896648756670029,0.6382529412854918,0.3617470587145082,0.009708814126960938
gemini_flash,95,agreement,0.21618605580979897,0.783813944190201,0.7070634571055435,0.2929365428944565,0.004728141195946012
gemini_flash,95,disagreement,0.2377995801093785,0.7622004198906215,0.5863569360601482,0.41364306393985184,0.16086662179269517
gemini_flash,95,strong_disagreement,0.23783226556821477,0.7621677344317852,0.6290678949325929,0.37093210506740715,0.11987727725949814
gemini_flash,95,majority_opinion,0.20291231867731818,0.7970876813226818,0.5811154895536406,0.41888451044635944,0.10724553035359759
gemini_flash,95,lived_experience,0.13644544602777453,0.8635545539722255,0.587253704702031,0.412746295297969,0.17680321405550778
gemini_flash,95,expert_consensus,0.1928535291227513,0.8071464708772487,0.5759817049770519,0.4240182950229481,0.037041271680349076
gemini_flash,96,agreement,0.16615414295046094,0.8338458570495391,0.6303942033177368,0.36960579668226323,0.07145896398214505
gemini_flash,96,disagreement,0.1479562362956388,0.8520437637043612,0.6630635819954465,0.33693641800455354,0.11011111841642421
gemini_flash,96,strong_disagreement,0.2330435968168732,0.7669564031831269,0.7531303042519183,0.2468696957480817,0.19633229386355303
gemini_flash,96,majority_opinion,0.1536645851788702,0.8463354148211298,0.5205847017857685,0.47941529821423146,0.03125254350410453
gemini_flash,96,lived_experience,0.0903567499833778,0.9096432500166222,0.585510146178974,0.414489853821026,0.19197498849459727
gemini_flash,96,expert_consensus,0.10359639884300209,0.8964036011569979,0.6250629193888891,0.37493708061111086,0.26358452087272044
gemini_flash,97,agreement,0.051939490967386606,0.9480605090326134,0.6167425828933351,0.38325741710666494,0.0
gemini_flash,97,disagreement,0.07564123412857056,0.9243587658714294,0.5473542216214003,0.45264577837859965,0.026111144003685804
gemini_flash,97,strong_disagreement,0.11795367748726446,0.8820463225127355,0.6780346391968356,0.3219653608031644,0.08126296407876579
gemini_flash,97,majority_opinion,0.04508642303716149,0.9549135769628385,0.5813593927078582,0.4186406072921418,0.17878798421264352
gemini_flash,97,lived_experience,0.05749538963458016,0.9425046103654199,0.4396628522733089,0.5603371477266911,0.010638398205055754
gemini_flash,97,expert_consensus,0.07656695079131841,0.9234330492086816,0.6238990464058433,0.37610095359415674,0.08126296407876579
gemini_flash,98,agreement,0.18454712524716543,0.8154528747528346,0.6569865550549199,0.3430134449450801,0.07542376181724188
gemini_flash,98,disagreement,0.14206844623967432,0.8579315537603257,0.6415343211783224,0.35846567882167757,0.1375555429242481
gemini_flash,98,strong_disagreement,0.1948469171775645,0.8051530828224355,0.6762815145597945,0.32371848544020554,0.06684001812585044
gemini_flash,98,majority_opinion,0.10086010253426743,0.8991398974657325,0.6027244178532596,0.3972755821467404,0.03278982282299084
gemini_flash,98,lived_experience,0.11789572388117728,0.8821042761188227,0.6392472980879988,0.36075270191200115,0.10689779497671276
gemini_flash,98,expert_consensus,0.18033822452597256,0.8196617754740274,0.7065881351193145,0.2934118648806855,0.03174869831458027
gemini_flash,99,agreement,0.13593896876567685,0.8640610312343231,0.5714206003111428,0.42857939968885717,0.04367506350266153
gemini_flash,99,disagreement,0.1706276926045143,0.8293723073954857,0.6443160642512094,0.35568393574879065,0.033616610798985064
gemini_flash,99,strong_disagreement,0.1525070288515415,0.8474929711484585,0.5738015459218073,0.4261984540781927,0.0
gemini_flash,99,majority_opinion,0.12017643756929725,0.8798235624307027,0.5740320447225797,0.42596795527742026,0.0616935690053399
gemini_flash,99,lived_experience,0.11483229493519946,0.8851677050648006,0.5173894152385233,0.48261058476147667,0.004264398786457518
gemini_flash,99,expert_consensus,0.1366024766843553,0.8633975233156447,0.617359804237905,0.38264019576209496,0.033616610798985064
gemini_flash,100,agreement,0.1275606888659232,0.8724393111340768,0.6407317754433847,0.35926822455661533,0.057819570888826236
gemini_flash,100,disagreement,0.1557511738093547,0.8442488261906453,0.6642643660347758,0.3357356339652242,0.0408219945202552
gemini_flash,100,strong_disagreement,0.15578810388566083,0.8442118961143392,0.6558059065168855,0.34419409348311447,0.05218575317057025
gemini_flash,100,majority_opinion,0.13942988028487321,0.8605701197151268,0.7247015861326633,0.27529841386733667,0.16430305129127634
gemini_flash,100,lived_experience,0.179947470707637,0.820052529292363,0.6467589363341311,0.35324106366586894,0.14903557916048796
gemini_flash,100,expert_consensus,0.17262859397537134,0.8273714060246287,0.648198680500089,0.351801319499911,0.322773392263051
gemini_flash,101,agreement,0.13548032447301425,0.8645196755269857,0.6694791339138191,0.3305208660861809,0.005934735519814578
gemini_flash,101,disagreement,0.11220598912749169,0.8877940108725083,0.6866741669806464,0.3133258330193536,0.18822127892114288
gemini_flash,101,strong_disagreement,0.08643214158718335,0.9135678584128166,0.5921053882402894,0.40789461175971065,0.2994469140313673
gemini_flash,101,majority_opinion,0.14300219178797788,0.8569978082120221,0.6870217580460166,0.3129782419539834,0.13279147398181212
gemini_flash,101,lived_experience,0.09132810393301605,0.908671896066984,0.6625530573910674,0.3374469426089326,0.17340619313600233
gemini_flash,101,expert_consensus,0.11927239125683084,0.8807276087431691,0.7139664037481684,0.28603359625183156,0.08503704268591215
gemini_flash,102,agreement,0.1263483997305204,0.8736516002694796,0.7113464527200724,0.28865354727992765,0.010000083334583399
gemini_flash,102,disagreement,0.25867900873567845,0.7413209912643215,0.6683741514908614,0.33162584850913857,0.05155780966485001
gemini_flash,102,strong_disagreement,0.1391243431073775,0.8608756568926225,0.6984408642056131,0.30155913579438687,0.14911288579730117
gemini_flash,102,majority_opinion,0.18824720163530134,0.8117527983646986,0.6467124632086421,0.35328753679135794,0.01519016549397512
gemini_flash,102,lived_experience,0.0875979607004473,0.9124020392995527,0.6753818290080597,0.32461817099194035,0.19149210876616263
gemini_flash,102,expert_consensus,0.16266193610409482,0.8373380638959051,0.7176537364547501,0.28234626354524994,0.10485787679326045
gpt_55,93,agreement,0.2191999920782277,0.7808000079217723,0.7431093358485608,0.25689066415143924,0.08338160893905101
gpt_55,93,disagreement,0.27118340521407225,0.7288165947859278,0.8190797949371937,0.18092020506280626,0.2294131643278051
gpt_55,93,strong_disagreement,0.2381716521223966,0.7618283478776033,0.8275501839806154,0.17244981601938458,0.0998203352822109
gpt_55,93,majority_opinion,0.23349291950823728,0.7665070804917627,0.7718785615100221,0.2281214384899779,0.05354076692802976
gpt_55,93,lived_experience,0.2431025364548348,0.7568974635451652,0.7328076362998918,0.26719236370010824,0.16841865162496325
gpt_55,93,expert_consensus,0.28010494104957895,0.719895058950421,0.7232685983416056,0.2767314016583944,0.03198304585305074
gpt_55,94,agreement,0.24219370681124655,0.7578062931887535,0.6374543920472704,0.3625456079527296,0.21760337093859444
gpt_55,94,disagreement,0.1688772970848262,0.8311227029151738,0.7406555582877972,0.25934444171220283,0.17965843937447087
gpt_55,94,strong_disagreement,0.18051894705183977,0.8194810529481602,0.7342714844612466,0.26572851553875343,0.19574457712609536
gpt_55,94,majority_opinion,0.24652416160233429,0.7534758383976657,0.7618017289330281,0.2381982710669719,0.17965843937447087
gpt_55,94,lived_experience,0.2308170246012253,0.7691829753987747,0.7187368261833837,0.28126317381661625,0.18601841867528077
gpt_55,94,expert_consensus,0.1919318045365049,0.8080681954634951,0.7297130572618744,0.2702869427381256,0.1823215567939546
gpt_55,95,agreement,0.25803831876157785,0.7419616812384222,0.6254793209905241,0.37452067900947594,0.08932351674800931
gpt_55,95,disagreement,0.2367925874057363,0.7632074125942637,0.7761676481630677,0.2238323518369323,0.3438899804152927
gpt_55,95,strong_disagreement,0.23093463694846778,0.7690653630515323,0.7425366037133735,0.2574633962866265,0.08680144731529948
gpt_55,95,majority_opinion,0.23863757122097842,0.7613624287790216,0.7142609379784862,0.2857390620215138,0.08428572271805211
gpt_55,95,lived_experience,0.21168693426395707,0.7883130657360429,0.6989392480002374,0.30106075199976257,0.19580699715045943
gpt_55,95,expert_consensus,0.25264588920187425,0.7473541107981257,0.6878100767001898,0.3121899232998102,0.01629838173311942
gpt_55,96,agreement,0.19608753487845001,0.80391246512155,0.6827481043221372,0.3172518956778628,0.1044905721492863
gpt_55,96,disagreement,0.16196720690830552,0.8380327930916944,0.6729940348267203,0.32700596517327973,0.034531983542375806
gpt_55,96,strong_disagreement,0.1819563765456424,0.8180436234543575,0.6598103005962638,0.3401896994037362,0.07298836016888044
gpt_55,96,majority_opinion,0.17907727154527647,0.8209227284547236,0.7025794939225982,0.2974205060774018,0.0078023802841848
gpt_55,96,lived_experience,0.1634498199849104,0.8365501800150896,0.5462650205544697,0.4537349794455303,0.012970350442627405
gpt_55,96,expert_consensus,0.18959722642723933,0.8104027735727607,0.682340343954957,0.317659656045043,0.07298836016888044
gpt_55,97,agreement,0.19265576559506845,0.8073442344049315,0.7648920507499734,0.23510794925002665,0.10848064299406995
gpt_55,97,disagreement,0.2005680500736653,0.7994319499263347,0.7846749540982303,0.2153250459017697,0.17580080709351797
gpt_55,97,strong_disagreement,0.24389206193530194,0.756107938064698,0.7829915959984834,0.21700840400151655,0.05770831762064673
gpt_55,97,majority_opinion,0.24983445253913783,0.7501655474608622,0.7571877726435312,0.2428122273564688,0.0611742233691536
gpt_55,97,lived_experience,0.2079458615092486,0.7920541384907513,0.781108525575513,0.21889147442448698,0.17580080709351797
gpt_55,97,expert_consensus,0.21624115271995797,0.7837588472800421,0.7116011427934891,0.28839885720651093,0.11895194286136536
gpt_55,98,agreement,0.22931262089756219,0.7706873791024378,0.8230321013958715,0.17696789860412854,0.04585330449612224
gpt_55,98,disagreement,0.20950780185393542,0.7904921981460646,0.7242251171436881,0.2757748828563119,0.08584356183880713
gpt_55,98,strong_disagreement,0.20752069415700547,0.7924793058429945,0.7850686379237065,0.2149313620762935,0.06243547094079237
gpt_55,98,majority_opinion,0.21097068677744285,0.7890293132225572,0.7985628661993038,0.20143713380069617,0.08167803101426724
gpt_55,98,lived_experience,0.1989397278722512,0.8010602721277488,0.7722961494364712,0.22770385056352882,0.06506359334706187
gpt_55,98,expert_consensus,0.20813302265662934,0.7918669773433706,0.7977651444400006,0.20223485555999943,0.0786431273191131
gpt_55,99,agreement,0.22115773227661004,0.7788422677233899,0.7177039483424679,0.28229605165753213,0.18510319975583148
gpt_55,99,disagreement,0.13485807772995528,0.8651419222700447,0.7377885004398292,0.26221149956017076,0.2019575313108135
gpt_55,99,strong_disagreement,0.18607922751313355,0.8139207724868665,0.7393923467606349,0.2606076532393651,0.10951852580648995
gpt_55,99,majority_opinion,0.17985301804513015,0.8201469819548699,0.6883405054209502,0.31165949457904984,0.03533936644530885
gpt_55,99,lived_experience,0.18068232881048132,0.8193176711895187,0.7122905163171406,0.2877094836828594,0.06948902629742736
gpt_55,99,expert_consensus,0.19207145580645313,0.8079285441935469,0.7671645621951195,0.23283543780488047,0.04746653723892375
gpt_55,100,agreement,0.3546920763675435,0.6453079236324565,0.7192421994422196,0.28075780055778043,0.008415196925284498
gpt_55,100,disagreement,0.20087413216984326,0.7991258678301567,0.6698995823434639,0.3301004176565361,0.24810028328807734
gpt_55,100,strong_disagreement,0.2910211562011822,0.7089788437988178,0.7287544566330351,0.27124554336696494,0.08112554481236853
gpt_55,100,majority_opinion,0.35486173915740093,0.6451382608425991,0.6882339047933146,0.3117660952066854,0.1291146016659334
gpt_55,100,lived_experience,0.24866126095455757,0.7513387390454425,0.6511288724526962,0.34887112754730376,0.11433421580902196
gpt_55,100,expert_consensus,0.396256664824081,0.6037433351759189,0.7084001558136389,0.2915998441863611,0.2589896830873456
gpt_55,101,agreement,0.2658034580834107,0.7341965419165892,0.7214048795889649,0.27859512041103507,0.24607607161931713
gpt_55,101,disagreement,0.2483571676653979,0.751642832334602,0.7016293815495749,0.2983706184504251,0.00491401480242904
gpt_55,101,strong_disagreement,0.24991297618442496,0.750087023815575,0.7105384105835789,0.2894615894164211,0.009852296443011594
gpt_55,101,majority_opinion,0.30302213303868103,0.6969778669613189,0.7183147139472588,0.28168528605274123,0.00491401480242904
gpt_55,101,lived_experience,0.2126873828254261,0.7873126171745739,0.6258190046638783,0.3741809953361217,0.10903024454678875
gpt_55,101,expert_consensus,0.3031618139906896,0.6968381860093105,0.7611836376805003,0.23881636231949965,0.014598799421152631
gpt_55,102,agreement,0.23620196099677318,0.7637980390032268,0.8190540338964272,0.18094596610357283,0.0025740039951728426
gpt_55,102,disagreement,0.20803041211560536,0.7919695878843946,0.8269752783137516,0.17302472168624838,0.09737416402517636
gpt_55,102,strong_disagreement,0.16820182123824404,0.831798178761756,0.8231212251158169,0.17687877488418313,0.16191268516274754
gpt_55,102,majority_opinion,0.20098316887614953,0.7990168311238505,0.7675144714323647,0.23248552856763527,0.1864537940788651
gpt_55,102,lived_experience,0.2607849548989225,0.7392150451010775,0.7977143129264291,0.20228568707357086,0.08326955784363442
gpt_55,102,expert_consensus,0.17762352563469472,0.8223764743653053,0.8024492150813419,0.19755078491865807,0.1958142368384289
grok,93,agreement,0.14080545871543282,0.8591945412845672,0.7968331847368213,0.2031668152631787,0.20124956667947344
grok,93,disagreement,0.11592538732464616,0.8840746126753538,0.6900900701378548,0.30990992986214516,0.26706278524904525
grok,93,strong_disagreement,0.16852593124600396,0.8314740687539961,0.7757250550868533,0.2242749449131467,0.38229804882663004
grok,93,majority_opinion,0.1407083961619554,0.8592916038380446,0.7034721639190871,0.29652783608091293,0.06453852113757118
grok,93,lived_experience,0.07879423916072986,0.9212057608392701,0.580491989289286,0.419508010710714,0.5212969236332861
grok,93,expert_consensus,0.12954572117158053,0.8704542788284195,0.5996414841603417,0.4003585158396583,0.48681074756211673
grok,94,agreement,0.22282621601364383,0.7771737839863562,0.8290615067930122,0.17093849320698784,0.08361414004113352
grok,94,disagreement,0.23004090505730831,0.7699590949426917,0.7723210013227177,0.22767899867728225,0.034289073478632165
grok,94,strong_disagreement,0.15819861670300642,0.8418013832969936,0.8003019036556884,0.19969809634431157,0.02950066439669799
grok,94,majority_opinion,0.28746212598540805,0.712537874014592,0.8370512989816332,0.16294870101836678,0.4112960284189576
grok,94,lived_experience,0.10822233384769446,0.8917776661523056,0.7110537556617692,0.2889462443382308,0.2905848321097423
grok,94,expert_consensus,0.16094709025970208,0.8390529097402979,0.7370173951025223,0.2629826048974777,0.09124867146514504
grok,95,agreement,0.1656520994812034,0.8343479005187966,0.6575448614353465,0.3424551385646535,0.6484747405083527
grok,95,disagreement,0.20671120091548859,0.7932887990845114,0.728617636386622,0.271382363613378,0.6780335427498972
grok,95,strong_disagreement,0.1734667240885297,0.8265332759114703,0.6236471945081921,0.37635280549180794,0.3928546005162347
grok,95,majority_opinion,0.2717047711724863,0.7282952288275137,0.6610862486431465,0.33891375135685353,0.2725684346417328
grok,95,lived_experience,0.12415668370953432,0.8758433162904656,0.6106267397994167,0.38937326020058327,0.7506042355847325
grok,95,expert_consensus,0.15569292876757712,0.8443070712324229,0.6542732696160312,0.34572673038396884,0.1357092519245355
grok,96,agreement,0.11940900553971773,0.8805909944602823,0.7269836417367058,0.2730163582632942,0.23954958670131968
grok,96,disagreement,0.15010162698413917,0.8498983730158608,0.6897724069928506,0.3102275930071494,0.06305813596713701
grok,96,strong_disagreement,0.08892856522441518,0.9110714347755848,0.6954683396549206,0.3045316603450794,0.048494349938610494
grok,96,majority_opinion,0.20194678421527237,0.7980532157847277,0.7449698391139753,0.2550301608860247,0.30158497762077235
grok,96,lived_experience,0.1545680878971418,0.8454319121028582,0.7256198382706698,0.2743801617293302,0.005934735519814578
grok,96,expert_consensus,0.07657026955102794,0.923429730448972,0.6940410692049988,0.30595893079500125,0.029156584291455487
grok,97,agreement,0.05749011955598645,0.9425098804440135,0.7691813718986358,0.23081862810136422,0.25901417758220907
grok,97,disagreement,0.14272827220187043,0.8572717277981295,0.6525317832859427,0.34746821671405725,0.1665376890926927
grok,97,strong_disagreement,0.10262757364386013,0.8973724263561399,0.7790594014313135,0.22094059856868653,0.18366474034042224
grok,97,majority_opinion,0.22747153852891283,0.7725284614710872,0.6535184031127896,0.34648159688721036,0.2677478575509637
grok,97,lived_experience,0.08884747561743075,0.9111525243825692,0.7347948813924583,0.2652051186075417,0.28544743465036454
grok,97,expert_consensus,0.16265682114148491,0.8373431788585151,0.8194804865030152,0.1805195134969848,0.03300629646817008
grok,98,agreement,0.16309189735997964,0.8369081026400204,0.7241342317879773,0.2758657682120227,0.08529758051189507
grok,98,disagreement,0.09218570488851298,0.907814295111487,0.5783118891667758,0.4216881108332242,0.019048194970694474
grok,98,strong_disagreement,0.14750792995530423,0.8524920700446957,0.6272034736503793,0.3727965263496207,0.35937400090789745
grok,98,majority_opinion,0.16314532509355748,0.8368546749064425,0.6119403498493076,0.38805965015069244,0.09909090264423089
grok,98,lived_experience,0.16125317987428042,0.8387468201257195,0.7098675496451132,0.2901324503548868,0.09015109699429748
grok,98,expert_consensus,0.23351225375098064,0.7664877462490194,0.6612919757193799,0.3387080242806201,0.16362942378180204
grok,99,agreement,0.10164391858093506,0.898356081419065,0.5114986174636681,0.4885013825363319,0.807091439909163
grok,99,disagreement,0.08077445115922288,0.9192255488407771,0.5871400070521623,0.4128599929478377,0.09684982598991766
grok,99,strong_disagreement,0.11045885481549243,0.8895411451845076,0.5528240785652148,0.44717592143478524,0.04189094170916014
grok,99,majority_opinion,0.2478794290250982,0.7521205709749018,0.6461789798447471,0.35382102015525285,0.40546510810816444
grok,99,lived_experience,0.13856849366919688,0.8614315063308031,0.6332262868473266,0.3667737131526734,0.6001707241018406
grok,99,expert_consensus,0.12400996239408427,0.8759900376059158,0.624208914928239,0.37579108507176096,0.025975486403260677
grok,100,agreement,0.04862380006164902,0.951376199938351,0.582788167041977,0.417211832958023,1.012998535945118
grok,100,disagreement,0.2865284572279529,0.713471542772047,0.7635514634098672,0.23644853659013276,0.17675051174449924
grok,100,strong_disagreement,0.2695353299890498,0.7304646700109503,0.8124834272873358,0.1875165727126642,0.3045838832543841
grok,100,majority_opinion,0.14685292790288626,0.8531470720971137,0.66024019123942,0.33975980876058,0.5334254556832316
grok,100,lived_experience,0.19738597032427263,0.8026140296757274,0.7102069441357299,0.28979305586427007,0.3275734014790829
grok,100,expert_consensus,0.14518992333118236,0.8548100766688176,0.7423177849261609,0.25768221507383915,1.1269427952943356
grok,101,agreement,0.20108105687576835,0.7989189431242316,0.7481668786906903,0.2518331213093097,0.20409535634351528
grok,101,disagreement,0.11579158183921405,0.884208418160786,0.6556228649627864,0.34437713503721357,0.6286086594223742
grok,101,strong_disagreement,0.14048712322052664,0.8595128767794733,0.7215578044199524,0.27844219558004757,0.262364264467491
grok,101,majority_opinion,0.10892762169630074,0.8910723783036992,0.6531373071946893,0.3468626928053107,0.5368011101692512
grok,101,lived_experience,0.18103927822082352,0.8189607217791764,0.7150025319578759,0.2849974680421241,0.08004270767353637
grok,101,expert_consensus,0.08543524656838161,0.9145647534316184,0.6473831134674652,0.35261688653253476,0.638270570334111
grok,102,agreement,0.15662129280864812,0.8433787071913519,0.7860532687255354,0.21394673127446462,0.3386021628790379
grok,102,disagreement,0.2063559075551244,0.7936440924448755,0.7741884322849435,0.2258115677150565,0.3536400402435783
grok,102,strong_disagreement,0.12459681218290966,0.8754031878170904,0.7255892860789427,0.2744107139210573,0.3536400402435783
grok,102,majority_opinion,0.11982058288119593,0.8801794171188041,0.806094087902428,0.19390591209757202,0.6617309843265664
grok,102,lived_experience,0.2540399476192069,0.7459600523807931,0.7728676600878384,0.22713233991216164,0.42425760745753166
grok,102,expert_consensus,0.1859566976648735,0.8140433023351266,0.7221484556087322,0.2778515443912678,0.38441169891033206
